6_Fattahi_1;GurobiSolver;66.00000000000001;-3.552713678800501e-14;1894.0;0;1000.0;0;{(1, 1, 2, 1): -0.0, (1, 1, 2, 2): -0.0, (1, 2, 2, 1): -0.0, (1, 2, 2, 2): -0.0};
6_Fattahi_2;GurobiSolver;107.00000000000001;-1.4210854715202004e-14;1858.0;0;1000.0;0;{(1, 1, 2, 1): -0.0, (1, 1, 2, 2): 0.0, (1, 2, 2, 1): -0.0, (1, 2, 2, 2): -0.0};
6_Fattahi_1;Time Window Sequence GA;66;0;1894;0;1000.0;0;[1, 0, 0, 37, 1, 1, 0, 24, 0, 0, 0, 45, 0, 1, 0, 21];
6_Fattahi_1;GASolver;66;5;1889;0;1000.0;0;[ 1  2  1 42  0  0  0 45];
6_Fattahi_1;Time Window Sequence GA;[1, 0, 0, 37, 1, 1, 0, 24, 0, 0, 0, 45, 0, 1, 0, 21];66;0;1894;0;1000.0;0;max_generations:1000,population_size:50,offspring_amount:100;
6_Fattahi_1;Time Window Sequence GA;[1, 1, 0, 25, 1, 2, 0, 24, 0, 0, 0, 45, 0, 1, 0, 21];66;0;1906;0;1000.0;0;max_generations:1000,population_size:50,offspring_amount:100;
6_Fattahi_10;Time Window Sequence GA;[0, 0, 0, 147, 3, 0, 0, 130, 3, 1, 0, 150, 2, 1, 0, 150, 1, 3, 0, 66, 4, 2, 0, 178, 1, 2, 0, 87, 2, 2, 0, 180, 4, 3, 0, 100, 1, 1, 0, 65, 4, 0, 0, 173, 2, 4, 0, 145];516;214;2403;0;2000.0;0;max_generations:1000,population_size:50,offspring_amount:100;
6_Fattahi_10;GurobiSolver;515.9999999999985;537.9999999999932;2314.000000000003;0;2000.0;0;{(1, 1, 2, 1): -0.0, (1, 1, 2, 2): 0.0, (1, 1, 2, 3): 0.0, (1, 1, 3, 1): 1.0, (1, 1, 3, 2): 0.0, (1, 1, 3, 3): 0.0, (1, 1, 4, 1): -0.0, (1, 1, 4, 2): 0.0, (1, 1, 4, 3): 0.0, (1, 2, 2, 1): 0.0, (1, 2, 2, 2): 1.0, (1, 2, 2, 3): 0.0, (1, 2, 3, 1): 1.0, (1, 2, 3, 2): 0.0, (1, 2, 3, 3): -0.0, (1, 2, 4, 1): 1.0, (1, 2, 4, 2): 0.0, (1, 2, 4, 3): -0.0, (1, 3, 2, 1): 0.0, (1, 3, 2, 2): 0.0, (1, 3, 2, 3): -0.0, (1, 3, 3, 1): 0.0, (1, 3, 3, 2): 0.0, (1, 3, 3, 3): -0.0, (1, 3, 4, 1): 0.0, (1, 3, 4, 2): -0.0, (1, 3, 4, 3): 1.0, (2, 1, 3, 1): -0.0, (2, 1, 3, 2): 0.0, (2, 1, 3, 3): 0.0, (2, 1, 4, 1): -0.0, (2, 1, 4, 2): 0.0, (2, 1, 4, 3): -0.0, (2, 2, 3, 1): -0.0, (2, 2, 3, 2): -0.0, (2, 2, 3, 3): 0.0, (2, 2, 4, 1): 1.0, (2, 2, 4, 2): 0.0, (2, 2, 4, 3): -0.0, (2, 3, 3, 1): 0.0, (2, 3, 3, 2): 0.0, (2, 3, 3, 3): 0.0, (2, 3, 4, 1): 0.0, (2, 3, 4, 2): 1.0, (2, 3, 4, 3): 0.0, (3, 1, 4, 1): -0.0, (3, 1, 4, 2): 0.0, (3, 1, 4, 3): 0.0, (3, 2, 4, 1): 0.0, (3, 2, 4, 2): 0.0, (3, 2, 4, 3): -0.0, (3, 3, 4, 1): 0.0, (3, 3, 4, 2): 1.0, (3, 3, 4, 3): -0.0};
6_Fattahi_10;GASolver;516;579;2315;0;2000.0;0;[  0  69   1 228   3 365   2   8   1 162   4 238   1  65   2 184   4 416
   1   0   4  65   2 375];
6_Fattahi_10;GASolver;;659;1009;1935;0;2000.0;0;[  0   0   1 175   3 319   0 147   1 367   4 440   1  97   2 286   3 469
   1  32   4 146   2 493];
6_Fattahi_20;Time Window Sequence GA;[0, 4, 0, 100, 6, 4, 0, 130, 6, 6, 0, 200, 6, 14, 0, 210, 0, 8, 0, 214, 1, 16, 0, 66, 6, 10, 0, 95, 4, 11, 0, 150, 0, 6, 0, 62, 2, 7, 0, 105, 4, 4, 0, 100, 7, 4, 0, 165, 0, 0, 0, 65, 4, 1, 0, 173, 3, 6, 0, 145, 5, 3, 0, 170, 1, 4, 0, 145, 3, 4, 0, 47, 4, 6, 0, 110, 5, 11, 0, 165, 1, 6, 0, 145, 3, 8, 0, 150, 6, 9, 0, 240, 6, 16, 0, 50, 1, 5, 0, 145, 4, 2, 0, 168, 4, 5, 0, 145, 7, 6, 0, 230, 3, 3, 0, 245, 5, 0, 0, 224, 6, 7, 0, 165, 7, 7, 0, 150, 1, 15, 0, 150, 3, 13, 0, 180, 6, 13, 0, 40, 5, 12, 0, 150, 3, 10, 0, 257, 5, 10, 0, 224, 4, 9, 0, 145, 7, 9, 0, 150, 1, 12, 0, 150, 2, 9, 0, 180, 6, 11, 0, 50, 7, 8, 0, 150, 2, 6, 0, 345, 2, 8, 0, 224, 5, 7, 0, 165, 4, 8, 0, 230];1395;1143;3217;2355;1200.0;0;max_generations:1000,population_size:50,offspring_amount:100;
6_Fattahi_10;Time Window Sequence GA;[0, 0, 0, 147, 3, 0, 0, 130, 3, 1, 0, 150, 2, 0, 0, 150, 1, 2, 0, 87, 4, 1, 0, 178, 1, 1, 0, 62, 2, 2, 0, 180, 4, 3, 0, 100, 1, 0, 0, 65, 4, 0, 0, 173, 2, 3, 0, 136];516;235;2403;0;2000.0;0;max_generations:1000,population_size:50,offspring_amount:100;
6_Fattahi_11;Time Window Sequence GA;[0, 1, 0, 123, 3, 0, 0, 130, 3, 1, 0, 150, 2, 0, 0, 150, 1, 3, 0, 66, 5, 1, 0, 95, 0, 2, 0, 62, 2, 2, 0, 105, 4, 4, 0, 100, 0, 0, 0, 65, 4, 0, 0, 173, 5, 3, 0, 136, 1, 1, 0, 123, 2, 1, 0, 86, 4, 3, 0, 110];468;517;3083;0;2500.0;0;max_generations:1000,population_size:50,offspring_amount:100;
6_Fattahi_12;Time Window Sequence GA;[1, 1, 0, 123, 3, 3, 0, 130, 3, 4, 0, 150, 2, 0, 0, 150, 1, 2, 0, 99, 6, 1, 0, 150, 0, 1, 0, 62, 6, 0, 0, 145, 4, 2, 0, 100, 0, 0, 0, 65, 4, 1, 0, 173, 5, 0, 0, 136, 0, 3, 0, 128, 2, 1, 0, 65, 4, 3, 0, 85];457;719;3109;0;2500.0;0;max_generations:1000,population_size:50,offspring_amount:100;
6_Fattahi_12;Time Window Sequence GA;[0, 0, 0, 147, 1, 4, 0, 130, 6, 0, 0, 150, 2, 0, 0, 150, 2, 4, 0, 66, 5, 1, 0, 95, 1, 3, 0, 62, 3, 2, 0, 105, 4, 2, 0, 100, 1, 2, 0, 65, 4, 0, 0, 173, 3, 5, 0, 136, 0, 3, 0, 123, 2, 5, 0, 47, 5, 3, 0, 85];427;771;3233;0;2500.0;0;max_generations:1000,population_size:100,offspring_amount:150;
6_Fattahi_13;Time Window Sequence GA;[1, 2, 0, 123, 3, 2, 0, 140, 6, 0, 0, 160, 0, 3, 0, 150, 1, 6, 0, 87, 5, 2, 0, 95, 0, 6, 0, 62, 2, 29, 0, 105, 3, 6, 0, 100, 0, 1, 0, 65, 2, 1, 0, 173, 3, 4, 0, 136, 1, 4, 0, 123, 2, 30, 0, 47, 5, 2, 0, 85, 3, 0, 0, 145, 4, 0, 0, 123, 4, 1, 0, 180];521;868;3403;0;3000.0;0;max_generations:1000,population_size:100,offspring_amount:150;
6_Fattahi_13;Time Window Sequence GA;[1, 8, 0, 123, 1, 10, 0, 130, 6, 4, 0, 150, 2, 1, 0, 150, 3, 2, 0, 87, 5, 1, 0, 95, 1, 6, 0, 62, 6, 2, 0, 105, 4, 2, 0, 100, 0, 5, 0, 87, 4, 1, 0, 173, 3, 6, 0, 136, 0, 9, 0, 123, 3, 4, 0, 47, 4, 5, 0, 110, 3, 1, 0, 154, 2, 3, 0, 123, 5, 3, 0, 120];470;542;3668;0;3000.0;0;max_generations:10000,population_size:100,offspring_amount:150;
6_Fattahi_13;Time Window Sequence GA;[1, 0, 0, 123, 1, 10, 0, 130, 6, 0, 0, 200, 0, 7, 0, 150, 1, 11, 0, 87, 5, 17, 0, 95, 0, 3, 0, 62, 3, 11, 0, 105, 5, 13, 0, 100, 0, 1, 0, 87, 4, 0, 0, 173, 3, 14, 0, 136, 2, 1, 0, 128, 2, 5, 0, 47, 4, 7, 0, 85, 3, 3, 0, 145, 2, 6, 0, 150, 4, 11, 0, 120];481;682;3646;0;3000.0;0;max_generations:10000,population_size:100,offspring_amount:150;
6_Fattahi_12;Time Window Sequence GA;[1, 0, 0, 123, 0, 3, 0, 123, 6, 2, 0, 150, 2, 2, 0, 150, 2, 3, 0, 87, 5, 2, 0, 95, 0, 2, 0, 62, 3, 1, 0, 105, 5, 1, 0, 100, 0, 1, 0, 65, 4, 0, 0, 173, 3, 2, 0, 145, 1, 1, 0, 123, 4, 2, 0, 47, 4, 3, 0, 110];427;688;3165;0;2500.0;0;max_generations:10000,population_size:100,offspring_amount:150;
6_Fattahi_12;GurobiSolver;{(1, 1, 2, 1): -0.0, (1, 1, 2, 2): -0.0, (1, 1, 2, 3): 0.0, (1, 1, 3, 1): -0.0, (1, 1, 3, 2): -0.0, (1, 1, 3, 3): 0.0, (1, 1, 4, 1): -0.0, (1, 1, 4, 2): 1.0, (1, 1, 4, 3): 0.0, (1, 1, 5, 1): 1.0, (1, 1, 5, 2): -0.0, (1, 1, 5, 3): 0.0, (1, 2, 2, 1): 1.0, (1, 2, 2, 2): -0.0, (1, 2, 2, 3): 0.0, (1, 2, 3, 1): 0.0, (1, 2, 3, 2): -0.0, (1, 2, 3, 3): -0.0, (1, 2, 4, 1): 1.0, (1, 2, 4, 2): 0.0, (1, 2, 4, 3): -0.0, (1, 2, 5, 1): 1.0, (1, 2, 5, 2): -0.0, (1, 2, 5, 3): 0.0, (1, 3, 2, 1): 0.0, (1, 3, 2, 2): -0.0, (1, 3, 2, 3): -0.0, (1, 3, 3, 1): 0.0, (1, 3, 3, 2): -0.0, (1, 3, 3, 3): -0.0, (1, 3, 4, 1): 0.0, (1, 3, 4, 2): 1.0, (1, 3, 4, 3): -0.0, (1, 3, 5, 1): 0.0, (1, 3, 5, 2): 1.0, (1, 3, 5, 3): -0.0, (2, 1, 3, 1): 1.0, (2, 1, 3, 2): -0.0, (2, 1, 3, 3): 0.0, (2, 1, 4, 1): -0.0, (2, 1, 4, 2): 1.0, (2, 1, 4, 3): 0.0, (2, 1, 5, 1): -0.0, (2, 1, 5, 2): -0.0, (2, 1, 5, 3): 0.0, (2, 2, 3, 1): 1.0, (2, 2, 3, 2): -0.0, (2, 2, 3, 3): -0.0, (2, 2, 4, 1): 1.0, (2, 2, 4, 2): 1.0, (2, 2, 4, 3): -0.0, (2, 2, 5, 1): -0.0, (2, 2, 5, 2): 1.0, (2, 2, 5, 3): 0.0, (2, 3, 3, 1): 0.0, (2, 3, 3, 2): -0.0, (2, 3, 3, 3): -0.0, (2, 3, 4, 1): 0.0, (2, 3, 4, 2): -0.0, (2, 3, 4, 3): -0.0, (2, 3, 5, 1): 0.0, (2, 3, 5, 2): -0.0, (2, 3, 5, 3): -0.0, (3, 1, 4, 1): 0.0, (3, 1, 4, 2): 0.0, (3, 1, 4, 3): 0.0, (3, 1, 5, 1): -0.0, (3, 1, 5, 2): 0.0, (3, 1, 5, 3): 0.0, (3, 2, 4, 1): 0.0, (3, 2, 4, 2): 1.0, (3, 2, 4, 3): -0.0, (3, 2, 5, 1): -0.0, (3, 2, 5, 2): -0.0, (3, 2, 5, 3): 0.0, (3, 3, 4, 1): 0.0, (3, 3, 4, 2): 1.0, (3, 3, 4, 3): 1.0, (3, 3, 5, 1): 0.0, (3, 3, 5, 2): 1.0, (3, 3, 5, 3): -0.0, (4, 1, 5, 1): -0.0, (4, 1, 5, 2): 0.0, (4, 1, 5, 3): 0.0, (4, 2, 5, 1): 1.0, (4, 2, 5, 2): -0.0, (4, 2, 5, 3): -0.0, (4, 3, 5, 1): 0.0, (4, 3, 5, 2): 1.0, (4, 3, 5, 3): 1.0};446.0;855.0000000000002;2974.0;0;2500.0;0;;
6_Fattahi_12;Time Window Sequence GA;[2, 0, 0, 123, 3, 1, 0, 140, 6, 2, 0, 150, 0, 2, 0, 150, 2, 2, 0, 87, 5, 0, 0, 95, 1, 2, 0, 62, 6, 0, 0, 105, 4, 2, 0, 100, 1, 1, 0, 65, 4, 0, 0, 173, 3, 2, 0, 145, 1, 3, 0, 123, 2, 3, 0, 86, 5, 2, 0, 85];421;627;3173;0;2500.0;0;max_generations:10000,population_size:100,offspring_amount:150;
6_Fattahi_12;Time Window Sequence GA;[1, 0, 0, 123, 3, 2, 0, 130, 6, 1, 0, 160, 2, 0, 0, 150, 1, 2, 0, 66, 4, 2, 0, 95, 0, 3, 0, 62, 2, 1, 0, 105, 3, 3, 0, 153, 0, 1, 0, 65, 4, 0, 0, 173, 5, 1, 0, 136, 0, 7, 0, 128, 2, 3, 0, 47, 4, 5, 0, 85];421;722;3160;0;2500.0;0;max_generations:10000,population_size:100,offspring_amount:150;
6_Fattahi_12;Time Window Sequence GA;[1, 0, 0, 123, 3, 0, 0, 140, 6, 1, 0, 150, 2, 1, 0, 150, 1, 3, 0, 66, 5, 0, 0, 95, 0, 1, 0, 87, 2, 2, 0, 145, 5, 2, 0, 100, 0, 0, 0, 65, 4, 1, 0, 173, 3, 3, 0, 136, 0, 3, 0, 128, 4, 3, 0, 47, 4, 3, 0, 85];413;738;3139;0;2500.0;0;max_generations:10000,population_size:100,offspring_amount:150;
6_Fattahi_12;Time Window Sequence GA;[1, 0, 0, 145, 3, 1, 0, 130, 4, 3, 0, 150, 2, 0, 0, 150, 1, 2, 0, 87, 6, 2, 0, 178, 0, 2, 0, 87, 2, 3, 0, 105, 3, 2, 0, 100, 0, 0, 0, 87, 4, 0, 0, 173, 5, 0, 0, 136, 0, 3, 0, 128, 2, 4, 0, 47, 5, 2, 0, 85];481;800;3036;0;2500.0;0;max_generations:10000,population_size:100,offspring_amount:150;
6_Fattahi_20;Time Window Sequence GA;[0, 28, 0, 100, 6, 5, 0, 130, 3, 5, 0, 160, 7, 1, 0, 145, 0, 38, 0, 150, 1, 60, 0, 87, 4, 19, 0, 95, 4, 77, 0, 150, 0, 27, 0, 87, 6, 4, 0, 180, 3, 17, 0, 190, 5, 15, 0, 165, 0, 0, 0, 87, 4, 6, 0, 173, 5, 4, 0, 136, 5, 8, 0, 170, 1, 0, 0, 123, 6, 1, 0, 47, 5, 1, 0, 85, 7, 0, 0, 165, 2, 26, 0, 154, 2, 65, 0, 150, 4, 74, 0, 120, 3, 21, 0, 50, 2, 27, 0, 157, 2, 56, 0, 124, 5, 12, 0, 145, 4, 70, 0, 140, 3, 0, 0, 245, 4, 7, 0, 268, 6, 6, 0, 178, 6, 8, 0, 150, 1, 62, 0, 150, 3, 20, 0, 180, 6, 10, 0, 50, 7, 3, 0, 170, 3, 4, 0, 257, 4, 14, 0, 224, 5, 14, 0, 165, 6, 22, 0, 150, 1, 63, 0, 150, 2, 67, 0, 180, 6, 12, 0, 50, 5, 17, 0, 150, 1, 2, 0, 345, 2, 57, 0, 268, 6, 7, 0, 178, 7, 2, 0, 230];1314;1268;2778;1472;1800.0;0;max_generations:10000,population_size:100,offspring_amount:150;
6_Fattahi_20;Time Window Sequence GA;[0, 38, 0, 223, 6, 11, 0, 123, 3, 22, 0, 150, 6, 17, 0, 145, 2, 0, 0, 150, 2, 4, 0, 66, 6, 5, 0, 150, 7, 0, 0, 150, 0, 25, 0, 62, 6, 4, 0, 145, 3, 11, 0, 190, 7, 3, 0, 165, 0, 20, 0, 87, 4, 1, 0, 173, 3, 42, 0, 145, 5, 22, 0, 170, 0, 36, 0, 123, 4, 6, 0, 47, 1, 11, 0, 110, 7, 5, 0, 165, 3, 4, 0, 145, 4, 7, 0, 123, 6, 13, 0, 240, 3, 35, 0, 50, 1, 8, 0, 157, 2, 7, 0, 124, 5, 10, 0, 165, 4, 8, 0, 140, 3, 1, 0, 245, 4, 4, 0, 268, 5, 7, 0, 165, 7, 2, 0, 150, 1, 7, 0, 150, 3, 2, 0, 220, 6, 10, 0, 50, 7, 1, 0, 170, 2, 5, 0, 257, 5, 6, 0, 224, 5, 21, 0, 165, 6, 27, 0, 150, 1, 12, 0, 150, 2, 13, 0, 220, 6, 24, 0, 50, 7, 7, 0, 170, 1, 10, 0, 357, 2, 8, 0, 224, 4, 9, 0, 145, 4, 12, 0, 340];1387;1435;2492;1439;1200.0;0;max_generations:10000,population_size:100,offspring_amount:150;
6_Fattahi_20;Time Window Sequence GA;[0, 52, 0, 247, 1, 38, 0, 140, 3, 49, 0, 150, 6, 14, 0, 210, 0, 35, 0, 150, 1, 36, 0, 87, 6, 10, 0, 150, 4, 28, 0, 120, 0, 8, 0, 87, 6, 2, 0, 145, 3, 9, 0, 153, 7, 3, 0, 170, 0, 55, 0, 87, 2, 29, 0, 173, 3, 46, 0, 145, 5, 44, 0, 170, 0, 6, 0, 128, 6, 1, 0, 86, 4, 2, 0, 100, 7, 2, 0, 165, 3, 10, 0, 154, 3, 13, 0, 150, 5, 19, 0, 120, 3, 51, 0, 50, 2, 2, 0, 145, 2, 3, 0, 124, 6, 3, 0, 165, 7, 12, 0, 140, 3, 4, 0, 245, 5, 10, 0, 224, 6, 5, 0, 145, 7, 8, 0, 150, 1, 26, 0, 150, 2, 31, 0, 180, 4, 22, 0, 50, 7, 13, 0, 170, 2, 1, 0, 257, 5, 3, 0, 224, 5, 7, 0, 165, 7, 6, 0, 150, 1, 22, 0, 150, 2, 27, 0, 220, 6, 7, 0, 50, 5, 16, 0, 150, 1, 1, 0, 357, 4, 9, 0, 268, 4, 12, 0, 145, 4, 12, 0, 340];1330;1427;2857;1608;1800.0;0;max_generations:10000,population_size:50,offspring_amount:100;
6_Fattahi_20;Time Window Sequence GA;[0, 174, 0, 100, 3, 39, 0, 123, 3, 58, 0, 200, 6, 35, 0, 210, 0, 181, 0, 214, 1, 56, 0, 66, 4, 54, 0, 150, 4, 69, 0, 120, 0, 170, 0, 87, 6, 23, 0, 145, 5, 11, 0, 190, 5, 27, 0, 165, 0, 172, 0, 87, 2, 23, 0, 173, 3, 37, 0, 145, 5, 25, 0, 170, 0, 173, 0, 145, 6, 28, 0, 47, 5, 7, 0, 85, 7, 3, 0, 165, 1, 2, 0, 145, 4, 3, 0, 123, 6, 29, 0, 120, 3, 60, 0, 120, 1, 52, 0, 157, 2, 45, 0, 124, 6, 31, 0, 165, 4, 74, 0, 140, 3, 3, 0, 245, 4, 12, 0, 224, 4, 56, 0, 145, 7, 6, 0, 150, 2, 2, 0, 150, 2, 3, 0, 180, 6, 22, 0, 50, 7, 2, 0, 170, 3, 0, 0, 257, 4, 7, 0, 224, 5, 8, 0, 165, 7, 4, 0, 150, 1, 59, 0, 150, 2, 52, 0, 220, 6, 32, 0, 40, 5, 39, 0, 150, 1, 34, 0, 345, 2, 25, 0, 224, 6, 30, 0, 145, 7, 5, 0, 340];1362;1373;2737;1739;1200.0;0;max_generations:10000,population_size:50,offspring_amount:100;
6_Fattahi_20;Time Window Sequence GA;[1, 9, 0, 223, 1, 27, 0, 130, 3, 36, 0, 160, 6, 50, 0, 145, 0, 102, 0, 214, 1, 22, 0, 87, 6, 25, 0, 150, 4, 44, 0, 150, 0, 96, 0, 62, 6, 15, 0, 145, 4, 1, 0, 153, 7, 43, 0, 165, 0, 94, 0, 87, 4, 0, 0, 173, 3, 35, 0, 145, 4, 27, 0, 250, 0, 104, 0, 123, 3, 34, 0, 47, 1, 31, 0, 100, 5, 61, 0, 180, 1, 24, 0, 154, 2, 20, 0, 123, 6, 44, 0, 120, 3, 37, 0, 120, 2, 13, 0, 157, 2, 15, 0, 124, 5, 9, 0, 165, 7, 41, 0, 140, 3, 0, 0, 245, 5, 0, 0, 224, 6, 16, 0, 165, 7, 15, 0, 150, 2, 16, 0, 150, 2, 19, 0, 180, 6, 43, 0, 40, 5, 60, 0, 150, 3, 3, 0, 257, 4, 2, 0, 268, 4, 4, 0, 145, 6, 33, 0, 150, 2, 12, 0, 150, 3, 32, 0, 220, 6, 27, 0, 40, 5, 22, 0, 170, 1, 1, 0, 357, 2, 14, 0, 268, 5, 6, 0, 165, 7, 25, 0, 340];1455;1962;3340;2914;0.0;0;max_generations:10000,population_size:50,offspring_amount:100;
6_Fattahi_20;Time Window Sequence GA;[0, 36, 0, 223, 1, 55, 0, 140, 3, 39, 0, 160, 7, 10, 0, 145, 0, 38, 0, 214, 1, 54, 0, 87, 4, 12, 0, 178, 4, 54, 0, 120, 0, 13, 0, 87, 6, 8, 0, 105, 5, 23, 0, 153, 7, 5, 0, 165, 0, 40, 0, 87, 2, 57, 0, 173, 3, 38, 0, 136, 5, 35, 0, 170, 0, 16, 0, 145, 4, 5, 0, 65, 1, 61, 0, 85, 5, 34, 0, 165, 3, 6, 0, 145, 3, 7, 0, 150, 6, 10, 0, 180, 3, 40, 0, 50, 2, 3, 0, 145, 4, 4, 0, 124, 6, 9, 0, 178, 7, 6, 0, 230, 3, 5, 0, 245, 5, 24, 0, 224, 4, 11, 0, 178, 6, 25, 0, 150, 2, 40, 0, 150, 2, 42, 0, 180, 6, 17, 0, 50, 7, 9, 0, 170, 2, 41, 0, 257, 5, 26, 0, 224, 6, 22, 0, 178, 7, 12, 0, 150, 1, 37, 0, 150, 3, 9, 0, 180, 6, 15, 0, 40, 5, 32, 0, 170, 1, 0, 0, 357, 4, 7, 0, 268, 6, 20, 0, 178, 4, 56, 0, 230];1331;1486;2450;1631;1800.0;0;max_generations:10000,population_size:50,offspring_amount:100;
6_Fattahi_10;GASolver;;567;778;2115;0;2000.0;0;[  0  95   1 273   3 412   2   0   1 191   4 289   0   0   2 150   4 467
   1  37   4 116   2 430];
6_Fattahi_10;GASolver;;517;429;2312;0;2000.0;0;[  0  77   3 225   3 365   2  13   1 167   4 239   1  68   2 170   4 417
   1   0   4  66   2 351];
6_Fattahi_10;Time Window Sequence GA;[0, 1, 0, 147, 3, 0, 0, 140, 3, 2, 0, 150, 2, 0, 0, 150, 1, 2, 0, 87, 4, 1, 0, 178, 1, 1, 0, 62, 2, 2, 0, 180, 4, 2, 0, 100, 1, 0, 0, 65, 4, 0, 0, 173, 2, 4, 0, 136];516;235;2393;0;2000.0;0;max_generations:1000,population_size:50,offspring_amount:100;
6_Fattahi_20;Time Window Sequence GA;[1, 2, 0, 100, 1, 9, 0, 130, 6, 3, 0, 200, 7, 3, 0, 145, 0, 15, 0, 214, 1, 10, 0, 66, 5, 2, 0, 150, 4, 26, 0, 150, 0, 11, 0, 62, 6, 1, 0, 105, 4, 10, 0, 190, 7, 7, 0, 170, 1, 1, 0, 65, 4, 6, 0, 173, 3, 12, 0, 145, 5, 12, 0, 170, 0, 10, 0, 128, 6, 6, 0, 47, 1, 16, 0, 110, 5, 4, 0, 180, 3, 8, 0, 154, 3, 11, 0, 123, 6, 14, 0, 180, 3, 14, 0, 50, 1, 11, 0, 157, 2, 17, 0, 124, 4, 14, 0, 165, 4, 28, 0, 140, 3, 3, 0, 245, 5, 1, 0, 224, 6, 13, 0, 178, 6, 17, 0, 150, 1, 14, 0, 150, 3, 13, 0, 220, 6, 15, 0, 40, 5, 14, 0, 150, 3, 0, 0, 257, 5, 0, 0, 268, 6, 5, 0, 178, 7, 14, 0, 150, 2, 10, 0, 150, 2, 14, 0, 180, 6, 7, 0, 40, 7, 15, 0, 170, 2, 13, 0, 345, 4, 11, 0, 268, 4, 15, 0, 145, 7, 18, 0, 230];1399;1253;2750;2160;600.0;0;max_generations:1000,population_size:50,offspring_amount:100;
6_Fattahi_20;Time Window Sequence GA;[0, 0, 0, 223, 6, 0, 0, 130, 6, 3, 0, 200, 7, 0, 0, 145, 0, 11, 0, 214, 1, 14, 0, 87, 4, 8, 0, 150, 7, 10, 0, 150, 0, 9, 0, 87, 3, 6, 0, 105, 3, 9, 0, 190, 7, 12, 0, 165, 1, 4, 0, 65, 4, 1, 0, 173, 5, 2, 0, 136, 5, 19, 0, 170, 0, 10, 0, 128, 3, 5, 0, 65, 5, 14, 0, 85, 5, 21, 0, 180, 3, 0, 0, 145, 3, 1, 0, 192, 6, 4, 0, 180, 3, 11, 0, 120, 1, 12, 0, 157, 2, 10, 0, 168, 6, 9, 0, 178, 4, 12, 0, 140, 2, 1, 0, 257, 4, 4, 0, 268, 4, 6, 0, 145, 7, 8, 0, 150, 2, 4, 0, 150, 2, 5, 0, 180, 4, 5, 0, 50, 7, 9, 0, 170, 3, 2, 0, 245, 5, 3, 0, 224, 6, 10, 0, 145, 6, 13, 0, 150, 1, 9, 0, 150, 3, 4, 0, 180, 4, 7, 0, 50, 5, 6, 0, 150, 1, 10, 0, 357, 2, 9, 0, 224, 6, 8, 0, 178, 4, 11, 0, 340];1469;1563;2997;2598;1200.0;0;max_generations:1000,population_size:50,offspring_amount:100;
6_Fattahi_20;Time Window Sequence GA;[1, 7, 0, 223, 1, 8, 0, 130, 4, 5, 0, 160, 6, 13, 0, 145, 0, 13, 0, 214, 1, 14, 0, 66, 6, 6, 0, 150, 7, 6, 0, 150, 0, 9, 0, 87, 6, 0, 0, 145, 5, 1, 0, 153, 5, 3, 0, 170, 0, 8, 0, 87, 4, 0, 0, 173, 3, 12, 0, 136, 5, 14, 0, 170, 0, 11, 0, 123, 4, 6, 0, 65, 4, 8, 0, 85, 7, 7, 0, 165, 1, 15, 0, 154, 3, 11, 0, 150, 6, 12, 0, 180, 3, 13, 0, 50, 1, 4, 0, 145, 2, 9, 0, 124, 6, 3, 0, 178, 7, 4, 0, 230, 3, 2, 0, 245, 4, 1, 0, 224, 4, 2, 0, 145, 6, 4, 0, 150, 2, 3, 0, 150, 3, 3, 0, 220, 6, 1, 0, 50, 7, 0, 0, 170, 3, 4, 0, 245, 5, 5, 0, 268, 5, 9, 0, 165, 7, 10, 0, 150, 1, 13, 0, 150, 3, 8, 0, 220, 6, 10, 0, 40, 5, 13, 0, 150, 2, 11, 0, 345, 2, 13, 0, 268, 4, 10, 0, 145, 4, 12, 0, 340];1463;1478;3371;2464;1200.0;0;max_generations:1000,population_size:50,offspring_amount:100;
6_Fattahi_20;Time Window Sequence GA;[0, 8, 0, 223, 1, 6, 0, 130, 4, 10, 0, 160, 7, 9, 0, 145, 0, 2, 0, 150, 2, 6, 0, 87, 6, 1, 0, 150, 7, 3, 0, 150, 0, 7, 0, 87, 3, 6, 0, 105, 3, 8, 0, 190, 7, 4, 0, 165, 0, 0, 0, 65, 4, 0, 0, 173, 3, 4, 0, 136, 5, 11, 0, 170, 0, 5, 0, 128, 6, 0, 0, 65, 4, 4, 0, 110, 7, 0, 0, 165, 3, 1, 0, 154, 4, 1, 0, 192, 6, 3, 0, 180, 3, 13, 0, 120, 1, 2, 0, 157, 2, 8, 0, 168, 4, 9, 0, 145, 4, 11, 0, 140, 3, 2, 0, 245, 5, 4, 0, 224, 5, 5, 0, 165, 7, 11, 0, 150, 1, 4, 0, 150, 2, 7, 0, 180, 4, 7, 0, 40, 5, 13, 0, 150, 2, 1, 0, 257, 5, 2, 0, 224, 6, 2, 0, 178, 6, 7, 0, 150, 1, 7, 0, 150, 3, 12, 0, 220, 6, 5, 0, 50, 5, 14, 0, 150, 1, 5, 0, 357, 2, 9, 0, 224, 6, 4, 0, 178, 4, 13, 0, 230];1367;1525;2413;1973;0.0;0;max_generations:1000,population_size:50,offspring_amount:100;
6_Fattahi_15;Time Window Sequence GA;[1, 3, 0, 223, 1, 5, 0, 130, 3, 3, 0, 150, 0, 1, 0, 150, 2, 6, 0, 87, 6, 5, 0, 150, 1, 0, 0, 62, 3, 1, 0, 105, 3, 2, 0, 153, 0, 0, 0, 87, 4, 2, 0, 173, 5, 1, 0, 136, 0, 4, 0, 128, 6, 2, 0, 65, 1, 5, 0, 110, 3, 0, 0, 145, 4, 3, 0, 150, 4, 4, 0, 120, 2, 2, 0, 145, 2, 3, 0, 124, 5, 0, 0, 165];580;748;3543;0;3500.0;0;max_generations:1000,population_size:50,offspring_amount:100;
6_Fattahi_15;Time Window Sequence GA;[2, 1, 0, 100, 6, 0, 0, 140, 3, 5, 0, 150, 0, 4, 0, 150, 1, 5, 0, 66, 5, 4, 0, 95, 0, 2, 0, 62, 2, 3, 0, 145, 3, 6, 0, 100, 0, 1, 0, 87, 4, 1, 0, 173, 5, 3, 0, 136, 1, 4, 0, 128, 6, 1, 0, 65, 1, 6, 0, 100, 3, 0, 0, 145, 3, 3, 0, 123, 6, 2, 0, 180, 2, 2, 0, 157, 4, 4, 0, 124, 4, 5, 0, 145];529;618;3843;0;3500.0;0;max_generations:1000,population_size:50,offspring_amount:100;
6_Fattahi_15;Time Window Sequence GA;[2, 0, 0, 100, 6, 1, 0, 123, 6, 3, 0, 160, 0, 6, 0, 214, 1, 8, 0, 66, 5, 7, 0, 95, 0, 5, 0, 62, 3, 2, 0, 105, 5, 0, 0, 153, 1, 0, 0, 65, 4, 2, 0, 173, 3, 6, 0, 136, 1, 7, 0, 123, 4, 3, 0, 65, 1, 9, 0, 100, 1, 3, 0, 145, 3, 3, 0, 150, 4, 5, 0, 120, 2, 1, 0, 145, 2, 3, 0, 124, 6, 5, 0, 145];528;611;3921;0;3500.0;0;max_generations:1000,population_size:50,offspring_amount:100;
6_Fattahi_15;Time Window Sequence GA;[2, 0, 0, 100, 6, 0, 0, 123, 6, 2, 0, 200, 2, 1, 0, 150, 2, 3, 0, 87, 5, 2, 0, 95, 0, 2, 0, 87, 3, 1, 0, 105, 5, 1, 0, 153, 0, 1, 0, 87, 4, 1, 0, 173, 3, 1, 0, 136, 1, 3, 0, 123, 3, 2, 0, 65, 1, 4, 0, 100, 3, 0, 0, 145, 2, 2, 0, 123, 6, 3, 0, 180, 1, 0, 0, 157, 4, 2, 0, 168, 4, 4, 0, 145];603;723;3564;0;3500.0;0;max_generations:1000,population_size:50,offspring_amount:100;
6_Fattahi_20;Time Window Sequence GA;[1, 1, 0, 100, 6, 0, 0, 123, 3, 15, 0, 160, 7, 9, 0, 210, 0, 5, 0, 214, 1, 8, 0, 66, 6, 4, 0, 178, 4, 8, 0, 150, 0, 4, 0, 62, 6, 2, 0, 145, 5, 3, 0, 153, 7, 1, 0, 170, 0, 1, 0, 87, 4, 2, 0, 250, 3, 7, 0, 136, 5, 9, 0, 250, 0, 2, 0, 128, 3, 4, 0, 65, 4, 6, 0, 110, 7, 4, 0, 165, 2, 6, 0, 145, 3, 6, 0, 123, 6, 5, 0, 120, 3, 16, 0, 50, 2, 10, 0, 145, 2, 11, 0, 124, 4, 15, 0, 145, 4, 17, 0, 140, 3, 1, 0, 245, 5, 0, 0, 224, 5, 7, 0, 165, 7, 8, 0, 150, 2, 2, 0, 150, 2, 3, 0, 220, 6, 3, 0, 40, 7, 0, 0, 170, 3, 5, 0, 245, 5, 5, 0, 224, 6, 7, 0, 178, 6, 10, 0, 150, 2, 14, 0, 150, 2, 16, 0, 180, 6, 9, 0, 50, 5, 11, 0, 150, 1, 7, 0, 357, 4, 7, 0, 268, 6, 6, 0, 178, 4, 18, 0, 230];1411;1141;2556;1842;1200.0;0;max_generations:1000,population_size:50,offspring_amount:100;
6_Fattahi_20;Time Window Sequence GA;[1, 1, 0, 223, 6, 0, 0, 123, 6, 1, 0, 160, 6, 7, 0, 145, 0, 25, 0, 214, 1, 8, 0, 66, 5, 10, 0, 95, 7, 10, 0, 150, 0, 27, 0, 87, 3, 14, 0, 105, 3, 15, 0, 153, 5, 14, 0, 170, 0, 4, 0, 65, 4, 3, 0, 173, 5, 8, 0, 136, 5, 12, 0, 250, 0, 24, 0, 145, 3, 12, 0, 65, 1, 18, 0, 100, 7, 11, 0, 165, 3, 11, 0, 154, 3, 13, 0, 123, 6, 9, 0, 180, 3, 16, 0, 50, 2, 5, 0, 145, 4, 5, 0, 124, 5, 7, 0, 165, 7, 4, 0, 140, 3, 0, 0, 245, 5, 0, 0, 224, 4, 6, 0, 178, 6, 8, 0, 150, 1, 9, 0, 150, 2, 10, 0, 180, 6, 17, 0, 40, 7, 18, 0, 150, 3, 4, 0, 245, 4, 7, 0, 224, 6, 16, 0, 178, 6, 21, 0, 150, 2, 6, 0, 150, 2, 8, 0, 180, 6, 5, 0, 50, 7, 3, 0, 170, 1, 5, 0, 357, 2, 9, 0, 268, 4, 8, 0, 145, 4, 10, 0, 340];1399;1369;2407;1551;1200.0;0;max_generations:1000,population_size:50,offspring_amount:100;
6_Fattahi_20;Time Window Sequence GA;[0, 14, 0, 247, 6, 2, 0, 123, 6, 32, 0, 200, 6, 33, 0, 145, 0, 0, 0, 214, 2, 7, 0, 66, 6, 0, 0, 150, 7, 1, 0, 120, 0, 18, 0, 87, 6, 3, 0, 105, 3, 14, 0, 190, 7, 11, 0, 165, 0, 20, 0, 87, 4, 9, 0, 173, 3, 12, 0, 136, 5, 14, 0, 170, 1, 0, 0, 145, 4, 2, 0, 47, 4, 3, 0, 110, 7, 0, 0, 180, 1, 3, 0, 154, 3, 3, 0, 150, 6, 30, 0, 180, 3, 35, 0, 50, 2, 5, 0, 145, 4, 4, 0, 168, 5, 3, 0, 165, 7, 8, 0, 230, 3, 0, 0, 245, 5, 1, 0, 224, 4, 5, 0, 178, 6, 28, 0, 150, 2, 6, 0, 150, 2, 11, 0, 180, 4, 7, 0, 40, 7, 9, 0, 170, 3, 4, 0, 245, 5, 6, 0, 224, 5, 8, 0, 165, 7, 10, 0, 150, 2, 10, 0, 150, 3, 5, 0, 220, 4, 10, 0, 40, 5, 15, 0, 150, 1, 5, 0, 357, 2, 13, 0, 268, 4, 11, 0, 145, 4, 12, 0, 340];1444;1313;3270;2137;1200.0;0;max_generations:1000,population_size:50,offspring_amount:100;
6_Fattahi_20;Time Window Sequence GA;[0, 1, 0, 100, 6, 1, 0, 123, 6, 3, 0, 200, 6, 7, 0, 145, 0, 6, 0, 214, 1, 8, 0, 66, 5, 3, 0, 95, 4, 9, 0, 120, 0, 6, 0, 62, 3, 11, 0, 105, 3, 12, 0, 153, 7, 2, 0, 165, 0, 4, 0, 87, 4, 1, 0, 173, 3, 14, 0, 136, 5, 17, 0, 170, 0, 5, 0, 128, 3, 6, 0, 65, 4, 3, 0, 110, 5, 4, 0, 180, 1, 3, 0, 154, 3, 4, 0, 150, 6, 9, 0, 180, 3, 16, 0, 50, 1, 9, 0, 157, 4, 5, 0, 124, 5, 6, 0, 165, 7, 4, 0, 230, 3, 3, 0, 245, 4, 2, 0, 268, 6, 16, 0, 145, 6, 25, 0, 150, 2, 9, 0, 150, 2, 10, 0, 180, 4, 4, 0, 40, 7, 0, 0, 170, 2, 8, 0, 257, 5, 0, 0, 224, 6, 20, 0, 178, 6, 21, 0, 150, 2, 7, 0, 150, 3, 9, 0, 220, 6, 23, 0, 40, 5, 18, 0, 150, 1, 7, 0, 357, 2, 11, 0, 224, 4, 10, 0, 145, 4, 11, 0, 230];1411;1510;2631;2065;600.0;0;max_generations:1000,population_size:50,offspring_amount:100;
6_Fattahi_20;Time Window Sequence GA;[0, 3, 0, 100, 6, 0, 0, 123, 4, 0, 0, 160, 7, 1, 0, 145, 0, 5, 0, 214, 1, 4, 0, 66, 6, 3, 0, 150, 7, 2, 0, 150, 1, 0, 0, 62, 3, 0, 0, 105, 5, 5, 0, 100, 5, 6, 0, 170, 0, 8, 0, 87, 2, 10, 0, 250, 5, 12, 0, 136, 5, 14, 0, 250, 0, 9, 0, 123, 4, 3, 0, 47, 5, 9, 0, 85, 7, 3, 0, 165, 3, 4, 0, 154, 3, 6, 0, 150, 5, 10, 0, 240, 6, 14, 0, 50, 1, 9, 0, 157, 4, 7, 0, 124, 6, 7, 0, 178, 7, 8, 0, 230, 3, 2, 0, 245, 5, 7, 0, 268, 6, 4, 0, 178, 7, 7, 0, 150, 2, 2, 0, 150, 2, 6, 0, 180, 6, 2, 0, 50, 7, 0, 0, 150, 2, 7, 0, 257, 4, 5, 0, 268, 6, 9, 0, 165, 6, 11, 0, 150, 1, 5, 0, 150, 3, 7, 0, 220, 6, 6, 0, 50, 7, 6, 0, 170, 1, 2, 0, 357, 2, 9, 0, 224, 4, 10, 0, 178, 4, 11, 0, 340];1540;1455;4165;2622;1800.0;0;max_generations:1000,population_size:50,offspring_amount:100;
6_Fattahi_10;Time Window Sequence GA;[0, 2, 0, 147, 3, 0, 0, 140, 3, 2, 0, 150, 2, 0, 0, 150, 1, 1, 0, 66, 4, 1, 0, 178, 0, 1, 0, 62, 2, 1, 0, 180, 4, 2, 0, 100, 1, 0, 0, 65, 4, 0, 0, 173, 2, 3, 0, 136];516;359;2331;0;2000.0;0;max_generations:1000,population_size:50,offspring_amount:100;
6_Fattahi_10;Time Window Sequence GA;[0, 1, 0, 147, 3, 0, 0, 140, 3, 1, 0, 150, 2, 0, 0, 150, 1, 3, 0, 87, 4, 2, 0, 178, 1, 2, 0, 62, 2, 2, 0, 180, 4, 3, 0, 100, 1, 1, 0, 65, 4, 1, 0, 173, 2, 3, 0, 136];516;235;2393;0;2000.0;0;max_generations:1000,population_size:50,offspring_amount:100;
6_Fattahi_20;Time Window Sequence GA;[0, 11, 0, 223, 3, 9, 0, 140, 3, 13, 0, 150, 6, 13, 0, 145, 0, 9, 0, 214, 1, 12, 0, 87, 6, 12, 0, 95, 7, 6, 0, 120, 0, 6, 0, 62, 6, 1, 0, 145, 4, 6, 0, 190, 7, 0, 0, 165, 0, 4, 0, 87, 4, 3, 0, 173, 3, 5, 0, 136, 4, 12, 0, 250, 0, 14, 0, 123, 3, 8, 0, 65, 5, 8, 0, 85, 5, 11, 0, 165, 3, 3, 0, 145, 3, 4, 0, 192, 6, 3, 0, 120, 3, 14, 0, 50, 1, 7, 0, 145, 2, 6, 0, 168, 4, 11, 0, 145, 7, 4, 0, 140, 2, 2, 0, 257, 5, 0, 0, 224, 6, 2, 0, 178, 7, 3, 0, 150, 1, 8, 0, 150, 2, 8, 0, 180, 4, 8, 0, 40, 7, 2, 0, 150, 3, 1, 0, 245, 5, 3, 0, 224, 5, 7, 0, 165, 7, 5, 0, 150, 1, 10, 0, 150, 2, 10, 0, 180, 6, 9, 0, 50, 5, 12, 0, 150, 1, 9, 0, 357, 2, 9, 0, 224, 6, 7, 0, 178, 4, 13, 0, 340];1394;1479;2243;1640;600.0;0;max_generations:1000,population_size:50,offspring_amount:100;
6_Fattahi_20;Time Window Sequence GA;[0, 12, 0, 247, 3, 12, 0, 140, 3, 13, 0, 150, 7, 0, 0, 145, 0, 10, 0, 150, 2, 2, 0, 66, 6, 0, 0, 95, 4, 12, 0, 120, 0, 9, 0, 62, 3, 11, 0, 105, 3, 14, 0, 100, 5, 15, 0, 170, 0, 4, 0, 87, 4, 0, 0, 173, 5, 2, 0, 145, 5, 12, 0, 250, 1, 6, 0, 123, 6, 1, 0, 65, 5, 14, 0, 100, 5, 16, 0, 165, 2, 0, 0, 320, 4, 4, 0, 123, 4, 10, 0, 180, 6, 5, 0, 50, 1, 4, 0, 145, 4, 3, 0, 124, 4, 11, 0, 145, 7, 3, 0, 230, 3, 1, 0, 257, 5, 1, 0, 224, 6, 3, 0, 165, 6, 10, 0, 150, 1, 5, 0, 150, 2, 5, 0, 180, 6, 2, 0, 50, 5, 10, 0, 170, 3, 5, 0, 245, 4, 8, 0, 224, 6, 4, 0, 178, 6, 15, 0, 150, 2, 6, 0, 150, 2, 9, 0, 180, 6, 9, 0, 40, 7, 5, 0, 170, 1, 8, 0, 357, 2, 8, 0, 224, 6, 8, 0, 165, 4, 13, 0, 340];1519;1725;3078;2874;-600.0;0;max_generations:1000,population_size:50,offspring_amount:100;
6_Fattahi_20;Time Window Sequence GA;[0, 5, 0, 247, 6, 0, 0, 140, 6, 6, 0, 200, 6, 8, 0, 145, 0, 113, 0, 150, 2, 12, 0, 87, 5, 13, 0, 95, 7, 42, 0, 120, 0, 115, 0, 87, 2, 29, 0, 105, 3, 71, 0, 100, 5, 49, 0, 165, 1, 4, 0, 65, 4, 0, 0, 250, 3, 13, 0, 136, 5, 31, 0, 170, 0, 123, 0, 123, 3, 28, 0, 65, 1, 116, 0, 110, 5, 34, 0, 180, 3, 1, 0, 145, 4, 1, 0, 192, 4, 9, 0, 180, 3, 68, 0, 120, 1, 13, 0, 157, 2, 21, 0, 124, 4, 12, 0, 145, 7, 58, 0, 140, 2, 5, 0, 257, 5, 0, 0, 224, 4, 6, 0, 145, 7, 9, 0, 150, 1, 19, 0, 150, 3, 30, 0, 180, 6, 36, 0, 50, 7, 55, 0, 170, 3, 11, 0, 245, 5, 12, 0, 224, 6, 38, 0, 165, 6, 41, 0, 150, 2, 6, 0, 150, 3, 12, 0, 180, 6, 7, 0, 40, 7, 7, 0, 150, 1, 5, 0, 345, 2, 11, 0, 224, 6, 20, 0, 145, 4, 13, 0, 340];1357;1389;2182;1561;1800.0;0;max_generations:10000,population_size:50,offspring_amount:100;
6_Fattahi_20;Time Window Sequence GA;[0, 4, 0, 100, 6, 0, 0, 123, 6, 3, 0, 160, 7, 6, 0, 145, 0, 20, 0, 150, 2, 9, 0, 66, 6, 5, 0, 150, 7, 9, 0, 150, 0, 2, 0, 87, 3, 0, 0, 180, 4, 5, 0, 153, 7, 3, 0, 165, 0, 7, 0, 87, 4, 7, 0, 173, 3, 15, 0, 145, 5, 29, 0, 250, 0, 6, 0, 123, 6, 2, 0, 86, 5, 3, 0, 85, 7, 5, 0, 165, 3, 10, 0, 154, 3, 14, 0, 150, 6, 14, 0, 240, 3, 17, 0, 50, 1, 11, 0, 145, 2, 11, 0, 124, 4, 12, 0, 178, 7, 13, 0, 230, 2, 5, 0, 245, 5, 2, 0, 224, 4, 9, 0, 165, 6, 13, 0, 150, 1, 6, 0, 150, 3, 13, 0, 180, 6, 12, 0, 50, 5, 23, 0, 170, 2, 8, 0, 257, 5, 8, 0, 268, 4, 11, 0, 165, 6, 17, 0, 150, 1, 5, 0, 150, 3, 12, 0, 180, 4, 10, 0, 40, 7, 11, 0, 150, 1, 8, 0, 345, 2, 10, 0, 224, 5, 27, 0, 145, 4, 13, 0, 230];1425;1542;2639;1850;1200.0;0;max_generations:10000,population_size:50,offspring_amount:100;
3_DPpaulli_18;Time Window Sequence GA;[3, 0, 0, 63, 8, 3, 0, 32, 9, 10, 0, 17, 7, 9, 0, 65, 7, 15, 0, 93, 2, 18, 0, 39, 8, 17, 0, 85, 5, 14, 0, 63, 0, 35, 0, 49, 5, 37, 0, 87, 5, 39, 0, 71, 9, 43, 0, 30, 3, 47, 0, 93, 4, 50, 0, 21, 0, 43, 0, 24, 4, 5, 0, 88, 2, 11, 0, 22, 0, 6, 0, 78, 8, 7, 0, 40, 9, 15, 0, 70, 2, 15, 0, 45, 4, 10, 0, 53, 1, 21, 0, 35, 9, 22, 0, 54, 1, 24, 0, 68, 9, 24, 0, 69, 6, 24, 0, 74, 3, 27, 0, 84, 7, 25, 0, 40, 1, 31, 0, 94, 1, 43, 0, 71, 0, 42, 0, 29, 0, 61, 0, 89, 2, 63, 0, 71, 9, 70, 0, 45, 5, 0, 0, 60, 9, 6, 0, 53, 1, 7, 0, 41, 6, 5, 0, 88, 5, 10, 0, 36, 1, 9, 0, 58, 7, 16, 0, 70, 9, 17, 0, 61, 8, 9, 0, 59, 4, 12, 0, 26, 9, 18, 0, 26, 2, 20, 0, 35, 6, 23, 0, 66, 9, 26, 0, 77, 9, 27, 0, 73, 9, 28, 0, 67, 2, 30, 0, 45, 6, 33, 0, 56, 6, 46, 0, 59, 4, 57, 0, 68, 7, 60, 0, 90, 6, 54, 0, 36, 1, 45, 0, 65, 9, 12, 0, 26, 1, 15, 0, 65, 1, 17, 0, 37, 4, 22, 0, 92, 1, 27, 0, 35, 8, 24, 0, 79, 1, 29, 0, 42, 4, 32, 0, 60, 6, 30, 0, 91, 5, 29, 0, 70, 0, 30, 0, 90, 5, 44, 0, 44, 4, 46, 0, 34, 6, 36, 0, 51, 8, 45, 0, 84, 9, 56, 0, 41, 5, 64, 0, 76, 9, 68, 0, 40, 8, 4, 0, 91, 4, 6, 0, 60, 4, 8, 0, 97, 3, 15, 0, 42, 0, 13, 0, 31, 7, 14, 0, 59, 8, 8, 0, 90, 0, 17, 0, 67, 4, 20, 0, 60, 0, 24, 0, 93, 6, 18, 0, 43, 0, 27, 0, 92, 1, 30, 0, 66, 2, 26, 0, 83, 7, 21, 0, 68, 4, 34, 0, 21, 8, 37, 0, 34, 7, 28, 0, 37, 6, 38, 0, 24, 2, 68, 0, 99, 6, 57, 0, 84, 7, 2, 0, 63, 9, 16, 0, 20, 2, 16, 0, 83, 6, 13, 0, 42, 5, 23, 0, 71, 2, 19, 0, 43, 8, 25, 0, 99, 2, 31, 0, 26, 8, 41, 0, 36, 2, 32, 0, 92, 5, 36, 0, 74, 7, 22, 0, 90, 1, 37, 0, 46, 5, 49, 0, 36, 1, 57, 0, 47, 8, 0, 0, 63, 5, 9, 0, 58, 3, 3, 0, 93, 5, 21, 0, 67, 9, 25, 0, 76, 7, 6, 0, 18, 1, 33, 0, 30, 1, 35, 0, 59, 5, 28, 0, 56, 6, 28, 0, 22, 3, 48, 0, 55, 6, 31, 0, 84, 0, 41, 0, 46, 7, 27, 0, 70, 5, 46, 0, 32, 9, 60, 0, 45, 1, 59, 0, 54, 4, 4, 0, 36, 9, 11, 0, 70, 2, 14, 0, 36, 3, 13, 0, 68, 6, 6, 0, 69, 1, 20, 0, 37, 4, 21, 0, 24, 6, 16, 0, 33, 1, 23, 0, 42, 5, 22, 0, 87, 3, 30, 0, 61, 6, 22, 0, 41, 4, 30, 0, 70, 5, 32, 0, 21, 1, 34, 0, 29, 0, 38, 0, 60, 2, 39, 0, 54, 6, 45, 0, 67, 3, 58, 0, 38, 3, 60, 0, 43, 5, 54, 0, 76, 6, 68, 0, 40, 4, 66, 0, 79, 4, 67, 0, 52, 8, 60, 0, 77, 4, 3, 0, 37, 1, 16, 0, 80, 0, 14, 0, 43, 9, 29, 0, 73, 3, 21, 0, 44, 2, 28, 0, 22, 0, 28, 0, 62, 3, 26, 0, 91, 4, 24, 0, 20, 9, 42, 0, 37, 0, 31, 0, 98, 2, 36, 0, 82, 9, 53, 0, 47, 5, 40, 0, 77, 3, 40, 0, 40, 5, 43, 0, 59, 8, 44, 0, 56, 3, 46, 0, 33, 1, 48, 0, 55, 8, 46, 0, 53, 4, 58, 0, 88, 3, 63, 0, 32, 5, 60, 0, 78, 3, 18, 0, 40, 2, 8, 0, 40, 8, 19, 0, 42, 2, 21, 0, 79, 0, 34, 0, 73, 4, 37, 0, 65, 7, 25, 0, 76, 3, 31, 0, 25, 3, 33, 0, 51, 5, 42, 0, 13, 5, 50, 0, 36, 1, 51, 0, 27, 0, 58, 0, 78, 7, 42, 0, 88, 3, 42, 0, 60, 0, 70, 0, 91, 2, 52, 0, 54, 8, 57, 0, 82, 4, 69, 0, 60, 9, 13, 0, 59, 0, 4, 0, 88, 5, 16, 0, 50, 8, 21, 0, 79, 6, 25, 0, 72, 8, 30, 0, 46, 8, 31, 0, 91, 9, 39, 0, 86, 1, 36, 0, 39, 6, 40, 0, 68, 5, 45, 0, 17, 4, 52, 0, 54, 4, 54, 0, 19, 4, 55, 0, 59, 2, 42, 0, 22, 1, 55, 0, 81, 7, 47, 0, 23, 1, 62, 0, 87, 6, 71, 0, 50, 6, 11, 0, 50, 3, 2, 0, 66, 9, 21, 0, 15, 1, 25, 0, 67, 0, 22, 0, 65, 0, 23, 0, 43, 0, 32, 0, 43, 9, 50, 0, 37, 4, 44, 0, 11, 5, 35, 0, 80, 8, 43, 0, 16, 7, 36, 0, 97, 7, 40, 0, 29, 8, 47, 0, 83, 0, 49, 0, 33, 9, 65, 0, 38, 3, 43, 0, 45, 0, 60, 0, 50, 5, 56, 0, 58, 7, 58, 0, 56, 5, 63, 0, 30, 0, 16, 0, 92, 6, 15, 0, 89, 3, 20, 0, 45, 3, 25, 0, 56, 7, 19, 0, 80, 7, 24, 0, 94, 1, 41, 0, 86, 2, 34, 0, 81, 2, 46, 0, 58, 4, 60, 0, 23, 7, 53, 0, 91, 8, 56, 0, 65, 4, 64, 0, 67, 2, 47, 0, 94, 2, 53, 0, 44, 8, 63, 0, 53, 1, 28, 0, 63, 9, 31, 0, 32, 8, 33, 0, 85, 9, 34, 0, 16, 6, 35, 0, 19, 1, 42, 0, 66, 9, 40, 0, 60, 7, 33, 0, 42, 2, 38, 0, 73, 4, 48, 0, 73, 6, 43, 0, 48, 9, 55, 0, 23, 4, 56, 0, 55, 0, 48, 0, 71, 5, 52, 0, 23, 1, 61, 0, 37, 2, 13, 0, 14, 4, 18, 0, 47, 6, 7, 0, 23, 3, 14, 0, 65, 4, 36, 0, 38, 6, 37, 0, 86, 1, 46, 0, 22, 6, 41, 0, 53, 7, 34, 0, 51, 1, 52, 0, 80, 0, 45, 0, 78, 4, 43, 0, 69, 7, 44, 0, 85, 6, 47, 0, 36, 5, 57, 0, 57, 3, 52, 0, 25, 1, 64, 0, 48, 4, 59, 0, 34, 1, 68, 0, 45, 4, 63, 0, 34, 3, 57, 0, 57, 8, 64, 0, 29, 5, 69, 0, 55, 0, 71, 0, 17, 3, 59, 0, 81, 2, 10, 0, 60, 2, 24, 0, 73, 2, 29, 0, 63, 5, 4, 0, 38, 3, 28, 0, 24, 7, 41, 0, 32, 8, 49, 0, 64, 3, 35, 0, 55, 2, 41, 0, 47, 7, 52, 0, 37, 0, 50, 0, 60, 0, 52, 0, 86, 9, 67, 0, 17, 2, 45, 0, 29, 6, 51, 0, 80, 9, 69, 0, 74, 5, 71, 0, 65, 1, 6, 0, 73, 0, 5, 0, 61, 4, 15, 0, 34, 9, 23, 0, 25, 7, 18, 0, 78, 1, 44, 0, 25, 9, 45, 0, 58, 9, 51, 0, 81, 9, 52, 0, 35, 8, 52, 0, 66, 1, 58, 0, 57, 2, 40, 0, 50, 6, 48, 0, 59, 9, 61, 0, 57, 9, 63, 0, 42, 5, 58, 0, 70, 0, 55, 0, 87, 7, 67, 0, 25, 2, 48, 0, 40, 8, 61, 0, 65, 2, 58, 0, 78, 4, 29, 0, 16, 4, 33, 0, 36, 1, 49, 0, 13, 3, 29, 0, 77, 2, 37, 0, 52, 4, 49, 0, 74, 7, 56, 0, 18, 2, 43, 0, 93, 6, 50, 0, 71, 1, 60, 0, 43, 3, 49, 0, 83, 6, 55, 0, 72, 5, 61, 0, 96, 3, 53, 0, 39, 9, 74, 0, 47, 8, 69, 0, 94, 7, 65, 0, 80, 4, 11, 0, 63, 6, 8, 0, 82, 1, 8, 0, 77, 9, 30, 0, 22, 7, 20, 0, 22, 9, 33, 0, 20, 5, 34, 0, 48, 9, 57, 0, 68, 8, 53, 0, 25, 8, 54, 0, 68, 1, 47, 0, 23, 4, 51, 0, 29, 9, 58, 0, 47, 1, 50, 0, 22, 1, 53, 0, 67, 8, 59, 0, 23, 9, 66, 0, 86, 7, 57, 0, 49, 6, 59, 0, 82, 4, 65, 0, 34, 7, 64, 0, 46, 8, 68, 0, 16, 0, 72, 0, 27, 2, 9, 0, 48, 2, 35, 0, 15, 4, 39, 0, 92, 7, 32, 0, 31, 1, 39, 0, 30, 9, 48, 0, 95, 8, 42, 0, 69, 8, 48, 0, 44, 3, 36, 0, 41, 5, 55, 0, 55, 2, 44, 0, 90, 8, 58, 0, 81, 3, 50, 0, 69, 3, 51, 0, 56, 0, 64, 0, 67, 9, 73, 0, 82];3402;12110;41611;41611;-2000.0;0;max_generations:1000,population_size:50,offspring_amount:100;
3_DPpaulli_18;Time Window Sequence GA;[7, 12, 0, 65, 5, 11, 0, 32, 4, 26, 0, 15, 7, 28, 0, 65, 5, 17, 0, 92, 9, 30, 0, 46, 1, 23, 0, 83, 2, 47, 0, 63, 5, 42, 0, 45, 9, 34, 0, 90, 6, 9, 0, 69, 7, 54, 0, 33, 0, 35, 0, 92, 0, 41, 0, 16, 0, 61, 0, 28, 8, 15, 0, 86, 7, 24, 0, 28, 2, 10, 0, 76, 0, 14, 0, 40, 0, 17, 0, 66, 2, 16, 0, 53, 6, 12, 0, 55, 9, 32, 0, 35, 2, 17, 0, 53, 0, 20, 0, 67, 0, 36, 0, 69, 2, 24, 0, 77, 5, 45, 0, 78, 9, 56, 0, 42, 2, 55, 0, 94, 4, 37, 0, 70, 5, 46, 0, 30, 5, 47, 0, 86, 2, 69, 0, 71, 0, 43, 0, 45, 5, 9, 0, 60, 0, 22, 0, 52, 1, 11, 0, 42, 2, 18, 0, 91, 1, 14, 0, 36, 1, 34, 0, 58, 4, 32, 0, 63, 1, 60, 0, 58, 4, 61, 0, 58, 2, 23, 0, 26, 9, 19, 0, 25, 1, 66, 0, 35, 7, 19, 0, 73, 9, 36, 0, 74, 0, 66, 0, 67, 2, 39, 0, 64, 5, 34, 0, 45, 5, 43, 0, 56, 6, 41, 0, 62, 5, 55, 0, 69, 2, 40, 0, 93, 2, 63, 0, 36, 1, 67, 0, 63, 5, 29, 0, 20, 1, 22, 0, 58, 6, 17, 0, 36, 0, 7, 0, 93, 5, 41, 0, 33, 0, 25, 0, 79, 6, 18, 0, 39, 0, 27, 0, 61, 3, 50, 0, 92, 0, 29, 0, 68, 4, 9, 0, 87, 0, 39, 0, 41, 7, 8, 0, 34, 4, 14, 0, 54, 8, 16, 0, 86, 6, 44, 0, 39, 1, 61, 0, 80, 9, 14, 0, 40, 1, 37, 0, 95, 4, 30, 0, 62, 9, 6, 0, 91, 8, 24, 0, 42, 6, 8, 0, 31, 2, 4, 0, 57, 6, 11, 0, 93, 9, 22, 0, 66, 8, 37, 0, 65, 3, 20, 0, 93, 6, 14, 0, 43, 0, 23, 0, 92, 6, 37, 0, 66, 7, 34, 0, 83, 2, 29, 0, 68, 4, 54, 0, 21, 0, 68, 0, 34, 7, 38, 0, 37, 8, 58, 0, 26, 6, 52, 0, 99, 3, 46, 0, 79, 3, 5, 0, 69, 2, 25, 0, 20, 5, 1, 0, 79, 4, 10, 0, 40, 1, 16, 0, 71, 7, 33, 0, 43, 9, 41, 0, 98, 1, 27, 0, 29, 4, 16, 0, 35, 2, 27, 0, 82, 9, 53, 0, 71, 1, 58, 0, 89, 3, 36, 0, 48, 4, 43, 0, 40, 1, 59, 0, 47, 8, 9, 0, 63, 5, 14, 0, 58, 1, 1, 0, 94, 9, 7, 0, 71, 6, 36, 0, 76, 7, 15, 0, 18, 8, 20, 0, 29, 9, 15, 0, 56, 4, 35, 0, 55, 8, 23, 0, 22, 2, 31, 0, 55, 2, 32, 0, 84, 0, 40, 0, 49, 0, 49, 0, 66, 7, 32, 0, 29, 2, 76, 0, 45, 7, 55, 0, 54, 5, 10, 0, 36, 6, 19, 0, 73, 2, 6, 0, 42, 3, 6, 0, 68, 7, 2, 0, 65, 2, 8, 0, 42, 3, 9, 0, 19, 6, 22, 0, 34, 4, 18, 0, 43, 6, 24, 0, 90, 9, 1, 0, 58, 0, 37, 0, 41, 2, 19, 0, 72, 4, 38, 0, 21, 6, 48, 0, 29, 2, 49, 0, 62, 6, 49, 0, 54, 2, 54, 0, 64, 2, 60, 0, 34, 6, 50, 0, 48, 5, 56, 0, 80, 2, 67, 0, 43, 6, 57, 0, 79, 5, 61, 0, 52, 0, 63, 0, 71, 5, 6, 0, 37, 1, 7, 0, 80, 3, 3, 0, 44, 8, 17, 0, 73, 3, 4, 0, 44, 2, 13, 0, 22, 3, 18, 0, 62, 1, 29, 0, 97, 5, 33, 0, 15, 6, 20, 0, 34, 8, 33, 0, 90, 4, 40, 0, 83, 1, 38, 0, 47, 5, 36, 0, 78, 8, 39, 0, 40, 6, 21, 0, 60, 7, 41, 0, 56, 8, 45, 0, 35, 2, 53, 0, 56, 7, 57, 0, 55, 4, 59, 0, 88, 7, 63, 0, 32, 5, 59, 0, 77, 5, 4, 0, 43, 7, 7, 0, 39, 8, 1, 0, 42, 2, 0, 0, 79, 8, 7, 0, 74, 4, 12, 0, 59, 4, 13, 0, 74, 4, 21, 0, 30, 3, 42, 0, 52, 4, 33, 0, 20, 5, 31, 0, 36, 6, 28, 0, 25, 0, 60, 0, 75, 6, 33, 0, 90, 4, 36, 0, 58, 5, 39, 0, 91, 4, 41, 0, 53, 8, 50, 0, 82, 5, 63, 0, 60, 0, 11, 0, 59, 6, 7, 0, 88, 8, 3, 0, 53, 0, 28, 0, 82, 8, 6, 0, 72, 9, 11, 0, 46, 7, 21, 0, 94, 4, 0, 0, 90, 8, 18, 0, 38, 1, 48, 0, 63, 4, 29, 0, 17, 4, 42, 0, 56, 8, 49, 0, 14, 6, 59, 0, 59, 0, 59, 0, 22, 2, 71, 0, 89, 6, 64, 0, 23, 0, 65, 0, 86, 4, 60, 0, 50, 2, 5, 0, 50, 5, 0, 0, 66, 7, 14, 0, 20, 0, 4, 0, 66, 5, 8, 0, 69, 9, 20, 0, 46, 0, 12, 0, 52, 4, 5, 0, 39, 1, 43, 0, 16, 8, 32, 0, 80, 9, 35, 0, 17, 7, 48, 0, 97, 7, 49, 0, 29, 3, 55, 0, 82, 5, 38, 0, 33, 9, 51, 0, 38, 2, 58, 0, 45, 9, 58, 0, 48, 6, 61, 0, 58, 9, 60, 0, 57, 1, 64, 0, 32, 7, 20, 0, 92, 2, 28, 0, 89, 3, 35, 0, 44, 5, 28, 0, 58, 7, 45, 0, 80, 7, 50, 0, 94, 7, 51, 0, 86, 3, 37, 0, 83, 2, 57, 0, 58, 5, 44, 0, 20, 5, 48, 0, 91, 7, 64, 0, 64, 2, 68, 0, 71, 5, 52, 0, 94, 8, 60, 0, 49, 7, 68, 0, 53, 1, 15, 0, 60, 9, 33, 0, 27, 8, 25, 0, 86, 2, 36, 0, 16, 7, 42, 0, 19, 1, 56, 0, 66, 0, 31, 0, 60, 2, 50, 0, 47, 6, 42, 0, 72, 3, 24, 0, 77, 6, 46, 0, 48, 1, 62, 0, 25, 8, 55, 0, 55, 3, 43, 0, 71, 2, 72, 0, 28, 7, 67, 0, 40, 3, 10, 0, 14, 6, 1, 0, 47, 7, 27, 0, 26, 9, 28, 0, 68, 7, 30, 0, 31, 6, 13, 0, 86, 1, 41, 0, 19, 7, 37, 0, 53, 7, 40, 0, 51, 4, 22, 0, 77, 1, 45, 0, 74, 0, 34, 0, 69, 7, 53, 0, 85, 0, 38, 0, 33, 3, 26, 0, 54, 8, 52, 0, 25, 1, 53, 0, 46, 4, 46, 0, 33, 8, 59, 0, 47, 1, 57, 0, 36, 6, 55, 0, 57, 3, 47, 0, 32, 6, 58, 0, 55, 7, 66, 0, 16, 6, 63, 0, 81, 0, 5, 0, 60, 5, 3, 0, 73, 9, 31, 0, 63, 5, 20, 0, 35, 4, 27, 0, 29, 7, 47, 0, 32, 8, 47, 0, 66, 9, 46, 0, 59, 4, 39, 0, 44, 3, 27, 0, 37, 0, 44, 0, 59, 2, 64, 0, 85, 9, 50, 0, 21, 2, 65, 0, 29, 6, 53, 0, 80, 0, 57, 0, 76, 8, 66, 0, 71, 0, 9, 0, 72, 8, 10, 0, 61, 9, 29, 0, 35, 0, 19, 0, 25, 5, 32, 0, 78, 1, 33, 0, 25, 8, 31, 0, 60, 9, 37, 0, 77, 9, 39, 0, 35, 8, 34, 0, 72, 1, 49, 0, 57, 9, 44, 0, 50, 3, 31, 0, 59, 8, 53, 0, 54, 2, 66, 0, 36, 9, 52, 0, 72, 3, 45, 0, 87, 7, 61, 0, 25, 2, 77, 0, 35, 9, 55, 0, 65, 1, 69, 0, 83, 6, 5, 0, 17, 4, 8, 0, 36, 8, 8, 0, 13, 6, 15, 0, 77, 7, 35, 0, 48, 0, 24, 0, 74, 7, 44, 0, 18, 8, 30, 0, 95, 6, 34, 0, 71, 7, 56, 0, 43, 9, 42, 0, 84, 8, 44, 0, 73, 4, 49, 0, 92, 9, 49, 0, 35, 5, 58, 0, 50, 3, 60, 0, 92, 7, 70, 0, 88, 4, 7, 0, 67, 1, 28, 0, 86, 5, 12, 0, 75, 5, 13, 0, 22, 1, 30, 0, 17, 9, 8, 0, 20, 7, 43, 0, 48, 6, 32, 0, 68, 3, 11, 0, 21, 3, 16, 0, 69, 1, 35, 0, 23, 1, 42, 0, 22, 9, 38, 0, 43, 2, 61, 0, 26, 1, 52, 0, 65, 8, 41, 0, 23, 4, 45, 0, 80, 7, 59, 0, 48, 9, 45, 0, 82, 7, 60, 0, 29, 4, 52, 0, 45, 0, 58, 0, 16, 6, 62, 0, 31, 7, 13, 0, 48, 0, 26, 0, 19, 5, 26, 0, 91, 8, 22, 0, 24, 1, 24, 0, 35, 2, 37, 0, 92, 3, 19, 0, 65, 0, 51, 0, 43, 0, 54, 0, 48, 5, 49, 0, 55, 5, 50, 0, 90, 7, 58, 0, 81, 4, 50, 0, 72, 8, 56, 0, 57, 4, 55, 0, 65, 8, 61, 0, 82];2961;93006;203837;203837;-2000.0;372;max_generations:1000,population_size:50,offspring_amount:100;
3_DPpaulli_18;Time Window Sequence GA;[9, 5, 0, 61, 5, 6, 0, 32, 0, 10, 0, 16, 0, 11, 0, 63, 0, 12, 0, 93, 5, 22, 0, 46, 5, 29, 0, 86, 2, 36, 0, 63, 0, 26, 0, 49, 5, 38, 0, 83, 6, 25, 0, 71, 9, 51, 0, 33, 6, 29, 0, 94, 0, 50, 0, 16, 0, 57, 0, 20, 2, 1, 0, 88, 2, 2, 0, 24, 0, 3, 0, 76, 9, 8, 0, 39, 7, 10, 0, 65, 2, 13, 0, 45, 6, 14, 0, 55, 1, 22, 0, 40, 2, 14, 0, 53, 9, 24, 0, 68, 4, 19, 0, 71, 0, 16, 0, 77, 5, 32, 0, 84, 9, 41, 0, 41, 2, 34, 0, 94, 4, 40, 0, 71, 0, 30, 0, 29, 0, 32, 0, 85, 1, 39, 0, 71, 0, 42, 0, 45, 4, 9, 0, 60, 4, 10, 0, 53, 9, 13, 0, 41, 4, 17, 0, 90, 2, 15, 0, 36, 1, 25, 0, 58, 3, 24, 0, 70, 9, 30, 0, 58, 4, 24, 0, 58, 3, 34, 0, 31, 9, 37, 0, 18, 1, 35, 0, 35, 0, 21, 0, 66, 2, 37, 0, 74, 2, 41, 0, 67, 4, 42, 0, 66, 6, 28, 0, 49, 5, 40, 0, 55, 1, 56, 0, 62, 4, 63, 0, 68, 2, 69, 0, 93, 2, 73, 0, 35, 9, 60, 0, 63, 3, 5, 0, 26, 1, 6, 0, 58, 3, 14, 0, 37, 4, 12, 0, 92, 7, 5, 0, 34, 8, 20, 0, 79, 1, 27, 0, 42, 4, 20, 0, 60, 6, 13, 0, 91, 0, 18, 0, 65, 4, 32, 0, 87, 7, 25, 0, 47, 7, 36, 0, 31, 6, 39, 0, 56, 0, 46, 0, 84, 4, 54, 0, 38, 9, 56, 0, 81, 4, 57, 0, 40, 8, 5, 0, 91, 1, 11, 0, 61, 6, 10, 0, 93, 8, 12, 0, 42, 1, 20, 0, 31, 7, 2, 0, 59, 8, 19, 0, 92, 7, 9, 0, 68, 3, 23, 0, 60, 8, 31, 0, 93, 2, 18, 0, 42, 6, 20, 0, 95, 7, 22, 0, 70, 2, 27, 0, 83, 0, 24, 0, 68, 8, 57, 0, 21, 8, 65, 0, 30, 7, 64, 0, 37, 6, 52, 0, 24, 1, 49, 0, 99, 6, 53, 0, 84, 8, 8, 0, 64, 7, 4, 0, 17, 2, 8, 0, 79, 9, 12, 0, 38, 8, 22, 0, 71, 3, 18, 0, 46, 9, 19, 0, 95, 1, 34, 0, 26, 5, 31, 0, 34, 2, 25, 0, 92, 7, 20, 0, 69, 1, 38, 0, 89, 1, 40, 0, 46, 7, 51, 0, 33, 4, 66, 0, 47, 3, 12, 0, 63, 5, 10, 0, 58, 2, 6, 0, 96, 5, 17, 0, 71, 6, 8, 0, 76, 9, 26, 0, 19, 3, 30, 0, 36, 9, 35, 0, 55, 4, 37, 0, 55, 8, 39, 0, 22, 3, 42, 0, 55, 7, 35, 0, 84, 0, 55, 0, 46, 7, 49, 0, 76, 7, 56, 0, 33, 4, 65, 0, 49, 2, 68, 0, 48, 4, 8, 0, 44, 0, 8, 0, 77, 5, 24, 0, 38, 3, 10, 0, 72, 5, 27, 0, 69, 5, 33, 0, 36, 1, 32, 0, 24, 6, 24, 0, 36, 7, 33, 0, 39, 6, 26, 0, 90, 3, 37, 0, 56, 0, 28, 0, 41, 6, 33, 0, 72, 1, 36, 0, 25, 2, 45, 0, 29, 2, 47, 0, 67, 2, 49, 0, 59, 6, 42, 0, 67, 0, 34, 0, 36, 6, 44, 0, 48, 5, 53, 0, 78, 3, 52, 0, 41, 1, 45, 0, 79, 0, 52, 0, 50, 6, 60, 0, 77, 5, 7, 0, 37, 5, 15, 0, 80, 9, 6, 0, 40, 4, 16, 0, 77, 9, 10, 0, 43, 8, 29, 0, 25, 0, 19, 0, 62, 7, 11, 0, 89, 5, 34, 0, 15, 6, 19, 0, 33, 0, 22, 0, 98, 8, 42, 0, 86, 9, 48, 0, 47, 5, 35, 0, 78, 8, 49, 0, 40, 5, 36, 0, 59, 6, 35, 0, 56, 5, 48, 0, 32, 6, 43, 0, 56, 5, 52, 0, 55, 0, 44, 0, 88, 5, 55, 0, 36, 3, 59, 0, 78, 8, 13, 0, 44, 0, 15, 0, 39, 0, 17, 0, 41, 8, 28, 0, 76, 5, 25, 0, 72, 9, 45, 0, 59, 7, 34, 0, 70, 4, 44, 0, 31, 1, 31, 0, 51, 6, 31, 0, 18, 5, 37, 0, 40, 2, 44, 0, 27, 6, 37, 0, 76, 8, 55, 0, 90, 3, 46, 0, 64, 6, 57, 0, 88, 5, 65, 0, 56, 1, 59, 0, 79, 7, 61, 0, 60, 8, 10, 0, 59, 0, 14, 0, 88, 6, 9, 0, 53, 0, 20, 0, 83, 2, 23, 0, 68, 8, 37, 0, 43, 7, 19, 0, 94, 4, 25, 0, 82, 4, 41, 0, 38, 0, 33, 0, 63, 6, 40, 0, 13, 2, 51, 0, 56, 9, 55, 0, 20, 8, 59, 0, 63, 8, 67, 0, 18, 1, 54, 0, 81, 1, 58, 0, 23, 0, 56, 0, 86, 2, 71, 0, 55, 9, 25, 0, 50, 3, 27, 0, 66, 9, 39, 0, 16, 0, 25, 0, 64, 1, 28, 0, 66, 3, 35, 0, 46, 4, 27, 0, 48, 4, 28, 0, 39, 4, 29, 0, 14, 9, 44, 0, 80, 3, 39, 0, 16, 8, 50, 0, 93, 4, 33, 0, 32, 3, 41, 0, 83, 5, 47, 0, 34, 9, 52, 0, 46, 3, 50, 0, 45, 7, 43, 0, 48, 2, 65, 0, 58, 9, 54, 0, 57, 1, 44, 0, 32, 0, 9, 0, 92, 8, 6, 0, 88, 1, 16, 0, 38, 5, 8, 0, 58, 8, 18, 0, 80, 8, 33, 0, 94, 7, 42, 0, 86, 8, 58, 0, 88, 3, 47, 0, 60, 8, 61, 0, 23, 0, 36, 0, 91, 4, 47, 0, 62, 2, 66, 0, 71, 4, 56, 0, 91, 1, 55, 0, 40, 0, 60, 0, 54, 9, 16, 0, 57, 6, 6, 0, 32, 4, 18, 0, 90, 6, 18, 0, 17, 7, 17, 0, 19, 8, 41, 0, 70, 7, 24, 0, 60, 2, 39, 0, 42, 5, 39, 0, 72, 2, 59, 0, 73, 3, 44, 0, 54, 2, 64, 0, 23, 8, 62, 0, 55, 4, 55, 0, 73, 6, 55, 0, 28, 7, 59, 0, 36, 2, 10, 0, 14, 4, 11, 0, 48, 1, 13, 0, 26, 3, 29, 0, 68, 1, 29, 0, 31, 4, 26, 0, 92, 8, 46, 0, 22, 8, 47, 0, 53, 7, 12, 0, 47, 4, 39, 0, 85, 0, 29, 0, 76, 6, 41, 0, 69, 3, 40, 0, 81, 5, 49, 0, 34, 0, 35, 0, 57, 5, 54, 0, 30, 1, 41, 0, 48, 7, 45, 0, 34, 7, 46, 0, 45, 1, 46, 0, 36, 0, 51, 0, 59, 2, 67, 0, 25, 0, 53, 0, 53, 7, 58, 0, 16, 3, 58, 0, 86, 9, 7, 0, 53, 5, 2, 0, 73, 2, 12, 0, 62, 6, 5, 0, 35, 4, 21, 0, 25, 2, 43, 0, 32, 3, 36, 0, 67, 5, 41, 0, 54, 4, 43, 0, 44, 2, 52, 0, 38, 4, 46, 0, 59, 3, 43, 0, 90, 9, 46, 0, 17, 5, 56, 0, 29, 1, 48, 0, 83, 5, 59, 0, 71, 5, 64, 0, 65, 1, 24, 0, 72, 5, 19, 0, 64, 2, 20, 0, 39, 4, 22, 0, 25, 5, 23, 0, 74, 3, 26, 0, 31, 9, 29, 0, 60, 8, 51, 0, 76, 7, 41, 0, 35, 0, 43, 0, 70, 1, 42, 0, 57, 2, 63, 0, 50, 3, 48, 0, 61, 9, 47, 0, 52, 4, 60, 0, 36, 9, 53, 0, 70, 3, 56, 0, 87, 7, 57, 0, 25, 5, 60, 0, 35, 9, 57, 0, 70, 2, 74, 0, 83, 0, 23, 0, 16, 8, 36, 0, 43, 8, 45, 0, 16, 3, 33, 0, 78, 2, 50, 0, 48, 7, 39, 0, 74, 7, 40, 0, 18, 8, 63, 0, 88, 8, 64, 0, 71, 7, 44, 0, 41, 6, 46, 0, 83, 6, 48, 0, 72, 4, 62, 0, 92, 6, 51, 0, 39, 5, 57, 0, 52, 0, 58, 0, 91, 4, 69, 0, 87, 6, 15, 0, 71, 1, 5, 0, 81, 0, 27, 0, 72, 1, 12, 0, 22, 1, 33, 0, 17, 5, 42, 0, 20, 5, 44, 0, 48, 8, 53, 0, 68, 8, 54, 0, 21, 1, 37, 0, 68, 5, 46, 0, 23, 3, 38, 0, 22, 2, 54, 0, 47, 2, 57, 0, 25, 6, 45, 0, 67, 4, 49, 0, 28, 0, 48, 0, 78, 7, 48, 0, 48, 6, 49, 0, 82, 7, 54, 0, 34, 7, 55, 0, 42, 4, 64, 0, 16, 7, 63, 0, 26, 9, 14, 0, 50, 6, 11, 0, 15, 9, 36, 0, 94, 2, 38, 0, 29, 3, 11, 0, 32, 2, 40, 0, 92, 6, 23, 0, 65, 8, 35, 0, 46, 2, 56, 0, 44, 8, 56, 0, 58, 5, 50, 0, 90, 7, 47, 0, 76, 4, 58, 0, 69, 1, 52, 0, 56, 8, 66, 0, 65, 8, 69, 0, 82];3286;11059;42101;42101;-2000.0;0;max_generations:1000,population_size:50,offspring_amount:100;
6_Fattahi_20;Time Window Sequence GA;[0, 0, 0, 223, 6, 0, 0, 123, 6, 1, 0, 150, 7, 2, 0, 210, 0, 3, 0, 214, 1, 18, 0, 66, 6, 2, 0, 150, 7, 3, 0, 120, 0, 21, 0, 62, 3, 8, 0, 105, 3, 11, 0, 100, 5, 6, 0, 170, 1, 1, 0, 65, 4, 0, 0, 173, 5, 0, 0, 136, 4, 13, 0, 170, 0, 19, 0, 123, 3, 10, 0, 65, 1, 21, 0, 85, 7, 13, 0, 180, 1, 20, 0, 145, 3, 13, 0, 150, 6, 14, 0, 120, 3, 14, 0, 120, 1, 10, 0, 145, 2, 6, 0, 168, 6, 5, 0, 145, 7, 4, 0, 230, 3, 0, 0, 257, 4, 3, 0, 224, 4, 5, 0, 145, 6, 15, 0, 150, 1, 6, 0, 150, 2, 6, 0, 180, 6, 12, 0, 40, 5, 11, 0, 150, 3, 2, 0, 245, 5, 2, 0, 224, 5, 4, 0, 178, 7, 17, 0, 150, 2, 7, 0, 150, 2, 8, 0, 180, 6, 13, 0, 40, 5, 12, 0, 150, 2, 5, 0, 345, 4, 6, 0, 224, 6, 10, 0, 145, 4, 14, 0, 340];1386;1743;2509;2036;600.0;0;max_generations:1000,population_size:50,offspring_amount:100;
6_Fattahi_20;Time Window Sequence GA;[0, 8, 0, 247, 6, 6, 0, 140, 3, 13, 0, 200, 6, 14, 0, 210, 0, 1, 0, 214, 2, 7, 0, 66, 6, 3, 0, 95, 4, 17, 0, 150, 1, 5, 0, 62, 6, 2, 0, 105, 5, 4, 0, 153, 7, 7, 0, 165, 1, 4, 0, 65, 4, 1, 0, 173, 5, 5, 0, 136, 5, 9, 0, 170, 0, 2, 0, 128, 3, 6, 0, 86, 4, 22, 0, 100, 7, 9, 0, 165, 3, 2, 0, 145, 2, 9, 0, 150, 4, 30, 0, 120, 6, 12, 0, 50, 1, 6, 0, 157, 4, 4, 0, 168, 6, 5, 0, 145, 4, 28, 0, 230, 3, 8, 0, 245, 5, 7, 0, 268, 5, 8, 0, 178, 7, 12, 0, 150, 2, 0, 0, 150, 3, 3, 0, 180, 6, 4, 0, 40, 7, 8, 0, 150, 2, 8, 0, 245, 5, 6, 0, 224, 6, 7, 0, 145, 7, 10, 0, 150, 1, 9, 0, 150, 3, 11, 0, 180, 6, 9, 0, 40, 7, 11, 0, 150, 1, 8, 0, 357, 2, 10, 0, 224, 6, 8, 0, 145, 4, 32, 0, 340];1392;1266;2935;1586;1800.0;0;max_generations:10000,population_size:50,offspring_amount:100;
6_Fattahi_20;Time Window Sequence GA;[0, 14, 0, 100, 6, 1, 0, 123, 6, 2, 0, 160, 7, 1, 0, 145, 0, 182, 0, 150, 2, 11, 0, 66, 5, 6, 0, 95, 4, 30, 0, 150, 0, 177, 0, 87, 2, 9, 0, 105, 3, 14, 0, 190, 5, 11, 0, 165, 0, 8, 0, 87, 2, 4, 0, 250, 3, 12, 0, 136, 5, 7, 0, 170, 0, 183, 0, 123, 4, 27, 0, 47, 1, 28, 0, 85, 5, 10, 0, 180, 3, 9, 0, 145, 3, 11, 0, 192, 6, 9, 0, 120, 3, 15, 0, 120, 1, 5, 0, 157, 4, 2, 0, 168, 4, 4, 0, 145, 4, 5, 0, 140, 3, 10, 0, 245, 5, 4, 0, 224, 6, 7, 0, 178, 6, 14, 0, 150, 1, 10, 0, 150, 3, 13, 0, 180, 6, 8, 0, 50, 7, 6, 0, 150, 2, 0, 0, 245, 5, 1, 0, 224, 6, 5, 0, 145, 6, 6, 0, 150, 1, 14, 0, 150, 2, 14, 0, 220, 6, 13, 0, 50, 7, 8, 0, 150, 1, 13, 0, 345, 2, 12, 0, 224, 4, 31, 0, 145, 4, 32, 0, 230];1313;1613;2640;1526;1800.0;0;max_generations:10000,population_size:50,offspring_amount:100;
6_Fattahi_20;Time Window Sequence GA;[0, 66, 0, 247, 1, 82, 0, 140, 6, 7, 0, 160, 7, 20, 0, 210, 0, 61, 0, 150, 1, 57, 0, 66, 6, 2, 0, 150, 7, 0, 0, 150, 0, 62, 0, 87, 3, 6, 0, 145, 3, 11, 0, 153, 7, 17, 0, 170, 0, 3, 0, 87, 4, 1, 0, 250, 5, 6, 0, 145, 5, 7, 0, 250, 2, 4, 0, 145, 6, 1, 0, 47, 5, 2, 0, 110, 5, 5, 0, 180, 1, 79, 0, 154, 3, 43, 0, 150, 6, 11, 0, 180, 3, 48, 0, 50, 1, 39, 0, 145, 2, 26, 0, 124, 4, 9, 0, 178, 4, 10, 0, 230, 3, 0, 0, 245, 4, 2, 0, 224, 6, 4, 0, 178, 7, 2, 0, 150, 2, 81, 0, 150, 2, 82, 0, 180, 6, 17, 0, 50, 7, 22, 0, 170, 3, 4, 0, 257, 4, 5, 0, 224, 5, 9, 0, 178, 6, 21, 0, 150, 1, 85, 0, 150, 3, 45, 0, 180, 6, 19, 0, 50, 5, 11, 0, 170, 2, 28, 0, 345, 2, 29, 0, 224, 5, 8, 0, 145, 4, 11, 0, 230];1439;1595;3167;2018;1200.0;0;max_generations:10000,population_size:50,offspring_amount:100;
6_Fattahi_20;Time Window Sequence GA;[2, 2, 0, 100, 6, 1, 0, 123, 6, 4, 0, 200, 6, 11, 0, 145, 0, 0, 0, 214, 1, 5, 0, 66, 5, 2, 0, 95, 7, 2, 0, 120, 0, 14, 0, 87, 3, 5, 0, 105, 3, 7, 0, 100, 7, 4, 0, 165, 0, 15, 0, 65, 4, 4, 0, 173, 3, 9, 0, 136, 5, 10, 0, 170, 0, 4, 0, 128, 6, 3, 0, 47, 5, 5, 0, 85, 7, 3, 0, 165, 3, 0, 0, 145, 3, 8, 0, 123, 4, 10, 0, 180, 3, 11, 0, 50, 1, 1, 0, 157, 4, 0, 0, 168, 5, 8, 0, 178, 4, 12, 0, 140, 2, 3, 0, 257, 4, 1, 0, 224, 6, 5, 0, 145, 6, 13, 0, 150, 2, 4, 0, 150, 2, 6, 0, 180, 4, 7, 0, 50, 7, 6, 0, 170, 3, 3, 0, 245, 5, 7, 0, 224, 6, 6, 0, 178, 7, 12, 0, 150, 1, 7, 0, 150, 3, 10, 0, 220, 4, 13, 0, 40, 5, 12, 0, 170, 1, 6, 0, 345, 2, 7, 0, 224, 6, 8, 0, 145, 7, 14, 0, 230];1375;1291;2465;1440;1200.0;0;max_generations:10000,population_size:50,offspring_amount:100;
6_Fattahi_20;Time Window Sequence GA;[0, 10, 0, 223, 1, 23, 0, 140, 6, 4, 0, 160, 7, 71, 0, 145, 0, 11, 0, 214, 1, 25, 0, 87, 5, 16, 0, 95, 7, 76, 0, 150, 0, 9, 0, 87, 2, 29, 0, 180, 5, 10, 0, 190, 7, 74, 0, 165, 0, 3, 0, 65, 4, 0, 0, 173, 3, 12, 0, 136, 5, 8, 0, 170, 0, 8, 0, 123, 6, 0, 0, 65, 4, 3, 0, 85, 7, 4, 0, 165, 3, 16, 0, 145, 3, 19, 0, 123, 5, 20, 0, 120, 3, 21, 0, 50, 2, 22, 0, 145, 2, 34, 0, 124, 6, 10, 0, 145, 7, 106, 0, 140, 3, 0, 0, 245, 5, 1, 0, 224, 6, 1, 0, 178, 7, 69, 0, 150, 2, 21, 0, 150, 2, 30, 0, 180, 6, 7, 0, 50, 5, 21, 0, 150, 3, 14, 0, 257, 4, 52, 0, 268, 6, 12, 0, 165, 6, 16, 0, 150, 1, 12, 0, 150, 3, 15, 0, 220, 6, 9, 0, 50, 5, 19, 0, 170, 1, 5, 0, 357, 4, 5, 0, 268, 4, 44, 0, 178, 4, 54, 0, 340];1411;1476;3269;1963;1800.0;0;max_generations:10000,population_size:50,offspring_amount:100;
6_Fattahi_20;Time Window Sequence GA;[0, 14, 0, 247, 1, 18, 0, 123, 3, 10, 0, 200, 6, 9, 0, 210, 2, 2, 0, 150, 2, 4, 0, 87, 6, 4, 0, 150, 7, 1, 0, 150, 0, 6, 0, 87, 6, 2, 0, 145, 4, 5, 0, 153, 5, 6, 0, 165, 0, 4, 0, 65, 4, 0, 0, 173, 5, 1, 0, 145, 4, 7, 0, 250, 0, 12, 0, 128, 6, 3, 0, 47, 1, 14, 0, 85, 7, 3, 0, 165, 3, 0, 0, 154, 2, 3, 0, 123, 4, 1, 0, 180, 3, 13, 0, 50, 1, 4, 0, 157, 2, 16, 0, 124, 5, 8, 0, 145, 4, 12, 0, 140, 3, 3, 0, 245, 4, 6, 0, 268, 5, 7, 0, 145, 7, 7, 0, 150, 2, 15, 0, 150, 2, 17, 0, 220, 6, 15, 0, 40, 5, 9, 0, 150, 3, 2, 0, 257, 5, 4, 0, 224, 6, 7, 0, 178, 6, 17, 0, 150, 1, 20, 0, 150, 3, 11, 0, 220, 4, 10, 0, 40, 7, 13, 0, 170, 1, 0, 0, 357, 2, 7, 0, 224, 6, 6, 0, 178, 7, 5, 0, 230];1389;1380;3131;2190;1200.0;0;max_generations:10000,population_size:50,offspring_amount:100;
6_Fattahi_20;Time Window Sequence GA;[0, 15, 0, 100, 6, 0, 0, 123, 6, 1, 0, 150, 7, 29, 0, 145, 2, 4, 0, 214, 2, 5, 0, 87, 5, 3, 0, 95, 7, 26, 0, 150, 0, 68, 0, 87, 6, 11, 0, 145, 3, 25, 0, 190, 7, 33, 0, 165, 0, 14, 0, 87, 4, 1, 0, 173, 5, 1, 0, 136, 4, 6, 0, 170, 0, 69, 0, 128, 6, 7, 0, 86, 1, 9, 0, 85, 7, 31, 0, 165, 3, 5, 0, 154, 2, 11, 0, 150, 6, 17, 0, 120, 3, 27, 0, 50, 1, 2, 0, 157, 2, 6, 0, 124, 6, 5, 0, 145, 7, 32, 0, 230, 3, 3, 0, 257, 4, 7, 0, 268, 5, 12, 0, 165, 6, 32, 0, 150, 1, 15, 0, 150, 2, 64, 0, 180, 6, 23, 0, 50, 5, 14, 0, 170, 3, 1, 0, 245, 5, 6, 0, 224, 5, 11, 0, 145, 6, 16, 0, 150, 1, 8, 0, 150, 3, 7, 0, 220, 4, 12, 0, 40, 5, 13, 0, 150, 1, 3, 0, 357, 2, 10, 0, 268, 4, 9, 0, 145, 4, 13, 0, 340];1359;1370;2649;1572;1800.0;0;max_generations:10000,population_size:50,offspring_amount:100;
6_Fattahi_15;Time Window Sequence GA;[0, 2, 0, 223, 6, 3, 0, 123, 3, 4, 0, 150, 2, 0, 0, 150, 1, 4, 0, 87, 4, 4, 0, 95, 1, 3, 0, 87, 3, 3, 0, 105, 5, 7, 0, 153, 1, 2, 0, 87, 4, 0, 0, 173, 5, 3, 0, 136, 0, 5, 0, 128, 4, 5, 0, 47, 1, 5, 0, 110, 3, 1, 0, 145, 3, 2, 0, 150, 6, 5, 0, 180, 2, 2, 0, 145, 2, 5, 0, 124, 4, 6, 0, 145];564;733;3687;0;3500.0;0;max_generations:10000,population_size:50,offspring_amount:100;
6_Fattahi_17;Time Window Sequence GA;[1, 1, 0, 100, 6, 0, 0, 130, 6, 3, 0, 200, 5, 4, 0, 210, 0, 110, 0, 150, 1, 110, 0, 66, 4, 15, 0, 95, 4, 22, 0, 120, 0, 142, 0, 87, 3, 4, 0, 180, 4, 16, 0, 100, 6, 9, 0, 170, 0, 113, 0, 87, 2, 109, 0, 250, 3, 21, 0, 145, 4, 50, 0, 170, 1, 111, 0, 128, 3, 18, 0, 47, 1, 143, 0, 110, 3, 22, 0, 165, 3, 0, 0, 154, 3, 1, 0, 192, 5, 3, 0, 120, 3, 19, 0, 120, 1, 2, 0, 157, 2, 104, 0, 124, 6, 5, 0, 165, 6, 8, 0, 230, 2, 2, 0, 257, 4, 4, 0, 268, 5, 7, 0, 165, 5, 39, 0, 150];1010;825;1143;13;2800.0;0;max_generations:10000,population_size:50,offspring_amount:100;
6_Fattahi_16;Time Window Sequence GA;[0, 23, 0, 247, 3, 11, 0, 140, 4, 12, 0, 200, 2, 9, 0, 150, 2, 11, 0, 66, 5, 13, 0, 150, 0, 19, 0, 62, 6, 2, 0, 105, 5, 10, 0, 190, 1, 3, 0, 87, 4, 0, 0, 173, 3, 12, 0, 145, 0, 24, 0, 128, 3, 11, 0, 47, 1, 19, 0, 100, 1, 17, 0, 145, 2, 14, 0, 123, 6, 4, 0, 120, 1, 13, 0, 145, 2, 12, 0, 124, 6, 3, 0, 178, 3, 2, 0, 245, 4, 10, 0, 224, 5, 24, 0, 145];684;725;3543;0;4000.0;0;max_generations:10000,population_size:50,offspring_amount:100;
